num_1,num_2,num_3
0,0,1,1,1,0,1,1,1,0,1,0,0,1,1,1,1,0,0,1,1,0,1,0,1,0,0,0,1,0,0,1,0,0,0,1,0,0,0,0,1,1,0,0,1,0,0,1,1,0,1,0,0,1,0,0,1,1,0,1,0,0,1,1,1,0,1,1,1,0,0,0,1,0,0,0,1,1,1,0,1,0,0,1,0,0,0,1,1,1,1,0,1,0,1,1,0,0,0,1
1,1,1,0,0,1,1,1,0,0,0,0,1,0,0,1,0,1,0,0,0,0,0,1,1,1,0,0,0,0,0,0,0,0,0,0,1,0,0,1,0,0,1,1,1,0,0,1,0,0,1,1,1,1,1,0,0,1,0,0,0,0,1,0,1,1,0,0,0,1,1,0,1,1,0,0,0,1,1,0,0,1,1,1,1,0,1,1,0,1,0,0,0,0,1,1,1,0,1,1
0,1,1,1,0,0,0,0,0,0,1,0,0,0,0,1,1,0,1,0,1,0,0,0,1,0,1,1,1,1,0,1,1,1,1,1,0,1,0,0,0,0,0,1,0,0,1,1,1,1,0,0,0,0,1,1,1,1,0,0,1,1,1,1,0,1,1,1,1,1,0,0,0,1,1,1,0,0,1,1,1,1,0,1,0,1,0,1,1,1,0,1,1,1,1,1,0,1,0,1
1,0,0,1,0,1,1,0,0,0,1,1,0,1,0,1,1,1,1,0,1,0,1,0,0,0,1,1,0,0,1,0,1,0,0,0,1,1,0,0,0,1,1,1,1,1,0,0,1,1,0,1,1,0,0,1,1,0,1,1,0,0,1,1,1,0,0,1,1,0,1,0,1,0,1,1,1,1,1,1,0,1,0,1,0,0,0,0,0,0,0,1,0,0,0,0,0,1,0,0
1,1,0,0,0,0,0,0,0,1,1,1,0,1,0,0,0,1,0,1,0,0,1,0,1,1,1,1,0,1,0,1,1,0,0,1,1,1,1,1,1,0,1,1,1,0,0,1,0,1,1,0,0,0,0,0,0,0,1,1,1,1,1,0,1,0,1,1,0,0,0,1,0,0,1,0,1,0,0,1,0,1,0,1,0,1,0,0,1,0,1,1,0,1,0,0,1,0,0,1
0,1,0,0,1,1,1,0,0,0,1,0,0,0,1,0,1,1,0,1,0,1,1,1,0,0,1,0,1,0,0,1,1,1,1,0,0,1,1,1,0,1,1,1,0,1,1,1,0,1,1,0,1,1,1,1,1,0,1,0,1,0,0,0,0,1,1,0,1,0,1,0,1,0,0,0,0,0,0,0,0,0,1,1,0,0,0,1,0,1,1,0,1,0,1,0,0,0,0,1
0,1,1,0,0,0,1,1,1,1,0,0,1,0,1,1,1,1,1,1,0,1,1,0,0,0,1,0,1,1,0,0,1,1,1,1,0,0,1,1,0,0,0,1,1,1,1,0,0,1,1,1,1,1,0,1,1,1,1,1,0,1,1,0,1,0,0,0,1,1,0,0,0,1,0,1,0,1,0,0,0,0,0,0,0,1,1,0,0,0,0,1,0,1,1,1,0,0,0,0
1,1,1,0,1,0,1,0,1,1,0,0,0,0,1,0,1,1,1,1,0,0,0,1,1,0,0,1,0,0,1,0,1,0,1,0,1,0,1,1,0,0,1,1,1,0,0,1,0,1,0,1,1,0,1,0,1,1,0,1,1,0,1,1,1,1,1,0,0,0,1,0,1,1,1,0,1,1,0,0,1,0,1,1,0,1,1,1,1,1,0,1,1,0,1,0,0,1,0,0
0,1,1,0,1,0,0,0,1,1,1,0,0,0,1,1,1,0,0,1,0,0,1,0,1,0,1,1,1,1,1,0,0,0,1,0,1,0,1,1,1,0,1,0,0,1,1,1,1,1,1,1,0,0,1,1,0,1,0,1,0,0,1,0,0,0,0,0,0,0,1,0,1,0,1,0,1,0,1,1,0,0,0,1,1,0,1,1,0,1,0,1,0,1,1,0,1,1,1,0
0,0,1,1,1,1,0,0,1,1,0,1,1,0,0,0,0,0,1,1,0,0,1,1,1,1,1,1,1,1,0,1,1,1,0,0,1,1,1,0,1,0,0,0,1,1,0,1,1,0,1,1,0,0,1,0,0,1,0,0,0,0,0,0,0,1,1,1,0,0,0,1,0,0,0,0,0,1,0,0,1,1,1,1,1,0,0,1,0,0,0,1,1,1,0,0,0,0,1,0
1,1,0,1,1,1,1,0,0,1,0,0,0,1,1,0,1,0,1,1,0,1,1,0,1,0,0,1,0,1,1,1,0,1,1,0,0,1,0,0,1,0,1,0,0,1,1,0,0,0,1,1,0,0,0,1,1,1,1,1,1,1,1,1,0,0,0,1,0,1,1,1,1,1,1,1,0,1,1,1,1,0,0,1,1,0,1,1,1,0,0,0,0,0,1,0,0,1,0,0
0,1,0,0,1,0,1,0,0,1,0,1,0,0,1,1,1,0,0,1,1,1,0,1,1,0,0,1,1,0,1,1,1,1,0,0,1,0,1,1,0,1,1,0,1,0,1,0,0,1,1,1,0,1,0,0,1,0,0,0,1,0,1,0,1,0,1,0,1,0,0,1,1,0,1,0,1,1,1,0,1,1,1,0,0,1,0,1,0,0,1,1,1,1,1,0,0,0,1,1
1,0,1,1,0,1,1,1,0,1,0,0,0,0,1,1,0,1,1,1,0,0,1,0,1,0,1,1,1,1,0,1,1,1,0,0,1,0,0,0,1,0,1,1,0,1,0,1,1,1,0,0,1,0,1,1,1,1,0,0,1,1,0,1,1,0,0,1,0,1,1,1,0,1,0,1,0,0,0,0,1,0,0,0,1,1,1,0,1,0,0,0,1,0,1,1,1,1,0,1
1,0,0,0,0,0,0,0,1,1,1,1,1,0,1,0,0,0,0,1,0,0,1,0,0,1,0,0,0,0,0,1,0,1,1,0,0,1,0,1,1,0,0,0,0,1,1,1,0,1,1,0,1,1,1,0,1,0,0,0,1,0,1,1,0,0,0,1,0,1,0,1,1,1,1,1,1,0,1,0,0,1,1,0,0,0,0,0,1,1,1,1,1,0,0,1,1,1,0,0
1,0,0,0,1,1,1,0,1,1,0,1,0,1,1,1,1,1,0,0,1,0,0,1,0,1,1,0,0,1,0,0,1,1,1,0,0,0,1,1,1,1,0,0,1,1,1,1,0,1,1,1,0,1,0,0,1,0,0,0,1,0,0,0,0,1,1,1,0,1,1,1,0,0,1,0,1,1,0,0,0,0,1,1,1,1,1,1,0,1,0,0,0,1,0,0,0,1,0,1
1,1,1,0,1,1,0,0,1,0,1,1,0,0,0,0,0,1,0,0,0,0,1,0,0,0,0,0,0,1,0,0,0,1,1,1,1,0,1,0,1,0,0,0,1,0,0,1,0,1,0,1,0,0,0,1,1,0,1,1,0,0,0,0,1,0,0,0,1,1,1,0,0,1,0,1,0,1,1,0,1,0,1,0,1,1,0,0,1,0,1,1,0,1,0,1,1,0,1,1
1,1,0,1,1,0,0,0,0,1,0,1,1,1,0,0,0,1,1,1,0,0,1,1,1,1,1,0,1,0,0,0,0,0,1,0,1,1,1,0,1,0,1,0,1,1,0,1,1,0,0,1,1,1,0,0,1,0,0,0,0,0,1,1,0,0,0,1,0,0,0,1,1,0,1,0,1,1,1,1,0,1,0,1,0,1,0,0,0,0,0,1,0,1,0,1,1,0,0,0
1,1,0,1,0,0,1,1,1,1,1,1,1,1,1,1,1,0,1,0,0,0,1,1,1,0,0,1,1,0,0,1,0,1,1,1,1,0,1,0,1,0,1,1,1,1,0,1,0,0,1,1,0,1,1,0,0,1,0,1,1,0,1,1,1,0,0,0,0,1,1,0,0,1,0,0,1,1,0,0,0,0,1,0,0,0,1,1,0,0,0,0,1,1,0,1,1,0,0,1
0,1,1,0,0,1,1,0,0,1,1,0,1,0,0,0,0,1,1,0,1,1,1,0,0,0,0,1,1,1,0,0,1,1,1,0,0,1,0,1,1,1,1,0,0,0,0,0,0,0,1,1,0,1,0,0,1,0,0,0,1,1,1,0,0,0,1,0,1,0,1,1,1,0,0,0,1,0,0,0,1,1,1,0,0,1,0,1,1,0,1,1,0,0,1,0,1,1,1,0
0,0,1,1,1,0,1,0,1,0,1,0,1,1,1,0,1,0,0,0,1,1,1,0,0,1,1,1,0,0,1,0,0,1,1,0,0,0,1,0,0,1,0,0,0,1,1,0,1,0,1,0,1,0,0,0,1,1,1,0,1,1,0,0,1,1,1,0,1,0,0,0,1,0,1,0,0,1,1,0,1,0,0,0,0,1,0,0,0,0,1,1,0,0,1,1,1,0,1,1
1,1,0,1,1,1,1,1,1,0,1,0,0,0,1,1,0,1,0,1,1,1,1,0,1,1,0,1,0,1,0,0,0,1,1,0,0,1,1,0,1,0,0,0,1,0,1,1,1,1,0,0,1,0,1,0,1,0,0,0,0,1,0,0,1,0,0,0,0,1,1,0,1,0,0,1,1,0,1,1,1,0,1,1,1,1,1,1,0,1,1,0,0,1,0,1,1,0,1,0
1,1,0,1,0,1,1,0,0,0,0,0,0,0,1,0,0,1,1,1,1,1,0,0,1,1,0,0,1,0,0,0,0,0,1,1,0,0,0,1,1,1,1,0,0,0,0,1,0,1,1,0,1,1,0,1,0,0,1,0,0,0,0,0,1,1,0,1,0,1,1,0,1,1,1,1,0,0,1,1,0,1,0,0,1,0,0,0,0,0,0,1,0,0,0,1,1,1,1,1
1,0,0,1,0,1,1,1,1,1,0,0,0,0,1,1,1,0,1,1,1,1,1,1,0,1,1,1,1,1,0,0,1,0,1,0,0,1,1,1,1,0,1,1,1,1,0,1,0,0,1,1,1,0,1,1,1,0,0,0,1,0,1,1,1,1,0,0,0,0,1,1,1,0,1,1,1,1,0,1,0,0,0,1,1,0,1,1,1,1,0,1,0,0,1,1,0,0,1,1
0,0,0,0,0,0,0,1,0,0,0,1,0,0,1,0,1,0,1,0,0,0,1,1,1,0,0,0,1,1,0,0,0,0,0,0,1,0,0,0,0,0,1,0,0,1,1,0,1,0,1,0,0,0,0,1,1,0,0,0,1,1,1,1,0,0,0,1,0,0,0,0,0,1,1,0,0,1,0,1,1,1,1,0,0,0,0,1,1,0,0,0,0,0,0,1,1,0,0,0
1,1,1,0,1,1,0,1,0,0,0,1,1,0,1,0,1,1,0,1,1,0,1,0,0,1,0,1,1,1,1,0,1,1,1,1,1,0,1,1,0,1,0,1,0,1,0,0,1,0,0,0,0,1,0,1,0,0,0,1,0,0,0,1,0,0,0,0,1,1,1,1,0,0,1,1,0,0,1,1,1,0,1,1,0,1,1,0,0,0,0,0,0,0,0,0,0,0,0,1
0,0,1,0,1,1,0,1,1,0,0,1,1,0,0,0,0,1,1,0,1,0,0,1,0,1,1,0,0,1,0,1,1,1,1,0,0,1,1,1,1,1,1,0,0,1,0,0,0,0,0,1,0,0,0,1,0,0,1,1,0,0,1,0,0,1,0,1,0,1,1,0,0,0,1,1,0,1,0,1,1,1,1,0,0,0,0,0,0,1,1,0,1,0,1,0,0,0,0,1
0,0,1,1,1,0,0,1,0,0,1,1,0,1,1,1,0,1,0,0,0,0,1,0,0,0,0,1,1,1,1,0,1,1,1,1,1,0,1,1,1,0,1,0,0,0,1,0,1,0,1,1,0,0,0,1,1,1,0,0,0,0,1,1,1,0,0,0,0,1,0,0,1,0,0,0,1,1,1,1,1,0,1,1,0,1,1,0,1,0,0,1,0,0,0,1,0,0,0,0
1,1,1,0,0,0,1,1,0,1,1,0,1,1,1,1,0,0,1,1,1,0,0,0,1,0,0,0,1,1,1,1,0,0,1,1,0,1,0,0,0,1,1,1,1,1,1,1,1,1,0,1,0,1,1,0,0,1,1,1,1,0,0,0,0,1,1,0,1,1,1,0,1,0,1,0,1,0,0,0,0,1,0,0,0,1,0,1,0,1,1,0,0,1,0,1,0,1,0,1
0,0,1,0,0,0,1,0,1,0,0,1,0,1,0,1,1,1,1,0,0,0,1,0,0,1,0,1,0,1,0,0,1,0,1,1,0,0,0,1,0,0,0,0,0,1,1,1,0,1,1,1,0,0,0,1,1,0,1,1,0,0,0,0,1,0,1,1,0,1,0,1,0,1,1,1,1,1,0,1,1,1,1,0,0,0,0,1,0,1,0,0,0,0,0,1,0,1,0,1
0,0,1,1,0,1,1,0,1,1,0,1,1,0,0,1,0,0,0,0,1,1,1,1,1,1,0,0,1,1,0,0,1,1,1,1,0,0,1,0,0,1,0,1,0,1,0,0,1,1,1,1,0,1,0,0,0,0,0,1,1,1,1,1,0,0,1,1,0,1,0,1,0,1,0,0,0,0,0,0,0,0,1,0,1,0,1,0,1,0,0,0,1,0,1,1,0,1,0,1
0,1,0,1,0,0,0,1,0,1,1,1,1,1,0,1,0,0,0,0,0,0,1,0,1,1,0,1,1,1,1,0,0,1,1,1,0,1,1,0,1,0,1,0,1,1,1,1,1,0,0,1,1,1,0,0,1,0,0,0,1,0,0,0,1,1,1,1,0,1,0,1,1,0,1,1,0,1,1,1,1,0,1,1,0,0,0,1,0,1,0,0,1,1,1,1,0,0,0,0
1,1,0,1,1,0,1,0,0,0,0,1,0,1,1,0,1,0,0,1,0,0,1,0,0,0,1,1,0,0,1,0,0,1,0,0,0,1,0,0,1,1,0,0,0,0,0,1,0,1,0,1,1,0,1,0,0,1,0,1,0,1,1,1,1,0,0,0,0,1,1,1,0,1,0,0,0,0,1,0,1,1,0,1,1,1,1,1,1,0,0,0,0,0,1,1,0,0,1,1
0,1,0,1,0,0,0,0,1,1,0,1,0,1,1,1,0,0,1,1,1,1,1,0,1,0,1,1,0,1,0,0,0,1,1,0,0,1,1,1,0,0,0,1,0,1,0,1,1,1,0,1,0,0,0,1,1,1,0,0,0,1,1,0,0,0,0,0,1,0,0,1,1,1,0,1,0,0,0,0,0,0,1,1,1,0,0,0,1,1,1,0,1,0,0,1,1,0,0,1
1,0,1,0,0,0,1,1,1,0,0,1,1,0,0,1,0,0,1,1,1,0,0,1,0,1,1,1,1,0,0,1,1,0,1,0,0,0,1,1,1,0,1,1,0,1,1,1,1,1,1,0,1,0,0,0,0,1,1,0,1,1,0,0,0,0,0,1,0,0,1,1,1,1,1,0,1,1,0,1,1,1,1,1,0,0,0,1,0,0,1,1,0,0,0,1,1,0,0,1
1,0,1,0,0,0,0,0,1,0,0,1,1,1,0,0,0,0,0,0,0,0,1,1,1,0,1,1,1,1,0,0,0,1,1,1,0,1,0,1,0,1,1,1,1,1,0,1,1,0,1,0,0,1,1,0,1,1,0,0,1,0,0,0,0,0,0,0,1,1,0,1,0,0,1,0,1,0,1,0,1,1,0,0,0,1,1,0,0,1,0,0,1,1,1,0,0,1,0,0
1,0,1,1,0,1,0,0,0,0,0,1,1,1,1,0,1,1,0,1,0,0,1,0,1,1,1,1,0,0,1,1,1,1,1,1,0,1,1,0,1,1,0,0,0,1,0,0,0,0,1,0,1,1,0,1,1,1,1,1,0,1,0,0,1,0,1,1,1,0,0,1,1,1,1,0,1,1,1,0,0,1,0,1,0,0,1,0,0,1,0,1,1,1,0,1,1,1,1,1
1,0,1,1,0,1,1,0,1,1,0,0,1,0,1,0,1,0,1,0,1,1,1,1,1,1,1,0,1,0,0,0,1,1,1,1,1,0,1,1,0,0,1,1,1,0,0,0,0,1,1,1,0,0,0,1,1,0,1,1,0,1,1,1,1,1,1,0,0,0,0,0,0,1,1,1,0,0,0,1,1,0,0,0,0,0,1,1,0,1,1,0,1,0,1,1,0,1,1,1
1,0,0,0,0,0,0,1,0,1,1,1,1,0,0,1,0,0,1,0,1,1,1,0,1,1,1,1,1,1,1,1,1,1,0,0,1,1,0,0,1,1,1,0,1,1,0,1,0,0,1,1,1,1,0,1,0,0,1,0,1,0,0,1,1,0,1,1,0,1,1,0,1,1,0,0,1,1,0,0,0,0,1,1,0,1,0,0,0,1,1,0,0,0,0,0,1,1,1,1
1,1,1,0,1,1,0,0,1,0,1,1,1,1,1,0,0,0,0,1,0,1,1,1,1,1,0,1,1,1,0,0,0,1,1,1,1,1,0,1,1,1,0,0,0,0,1,0,0,1,0,1,0,0,1,0,1,1,0,1,0,0,0,0,0,0,1,0,0,1,0,0,1,0,1,1,1,1,1,0,0,0,1,1,0,1,1,0,0,1,0,0,0,1,1,0,0,1,1,1
0,1,1,0,0,0,1,0,1,0,1,0,1,1,0,1,0,0,0,0,0,0,0,0,1,1,0,1,1,1,0,0,1,1,0,0,0,1,1,1,0,0,0,0,1,1,0,1,1,0,1,0,1,1,0,0,1,1,1,1,0,1,1,1,1,0,1,0,0,1,0,1,1,1,0,0,0,0,0,1,0,0,1,0,0,1,0,1,0,1,0,0,0,0,0,1,1,0,1,1
0,0,1,0,0,1,1,1,1,1,0,0,1,1,0,0,1,0,0,1,0,1,0,0,0,0,0,1,0,1,1,1,1,0,0,0,1,0,0,0,0,0,1,1,0,1,0,0,1,0,0,1,0,1,1,1,0,1,0,1,0,0,1,1,0,0,0,1,1,0,0,1,0,0,0,1,1,1,0,0,0,1,1,1,1,0,1,1,0,1,1,1,1,0,1,1,0,1,0,1
0,0,0,0,0,1,0,0,1,0,1,0,0,0,1,0,0,0,0,0,1,1,1,1,0,0,1,0,1,1,0,0,1,0,0,0,0,0,0,1,0,1,1,0,0,1,0,1,0,0,0,1,0,1,0,1,1,1,0,1,0,1,1,1,1,1,1,1,1,0,1,0,1,0,0,0,1,1,1,1,1,0,0,0,1,0,1,1,0,1,1,0,1,1,1,1,0,0,0,1
1,0,0,0,0,1,1,0,1,0,1,1,0,0,1,1,0,0,0,1,0,0,1,0,0,1,0,1,1,0,0,0,0,1,1,0,0,1,0,1,0,0,0,1,1,0,1,1,0,1,1,0,1,0,0,1,1,1,1,0,1,1,1,0,1,1,1,0,1,0,0,0,1,0,0,1,1,0,1,1,1,1,0,1,0,0,0,0,0,1,1,1,0,1,0,1,1,0,0,0
1,1,1,1,0,0,0,0,0,0,1,1,1,0,0,1,1,0,1,1,0,1,1,0,0,1,1,0,0,1,0,0,1,0,1,1,1,1,0,0,0,1,0,0,0,1,1,1,0,1,0,0,0,1,0,1,0,1,1,1,1,0,1,1,0,0,1,0,0,1,1,0,0,0,1,1,0,1,1,1,1,0,0,1,0,0,0,1,1,0,1,0,1,0,1,0,1,0,0,1
1,1,0,1,1,0,1,0,1,1,1,1,1,0,1,0,1,1,0,1,0,1,1,1,0,1,0,0,1,1,1,1,0,0,0,0,0,1,0,0,0,0,1,0,0,0,0,1,1,0,1,1,1,0,1,0,1,1,0,0,1,0,0,0,0,0,1,0,0,1,0,0,0,0,1,0,1,0,1,0,1,1,1,0,0,1,0,0,1,0,1,1,0,1,0,1,0,1,0,0
1,0,0,1,0,0,0,0,0,0,0,0,0,1,1,1,1,0,1,0,0,0,1,1,0,1,0,0,0,0,0,1,0,1,0,0,1,0,1,1,1,0,1,0,1,0,1,1,1,1,0,1,0,1,0,0,0,1,0,0,1,0,0,1,1,1,0,0,0,1,0,1,1,0,1,0,0,0,1,0,0,0,1,0,1,0,0,0,0,1,1,1,1,0,1,1,0,0,0,0
0,1,1,0,0,0,1,0,0,1,0,1,1,0,0,0,0,0,0,1,1,0,1,1,1,0,0,0,1,0,0,1,1,0,1,0,1,1,0,0,1,1,0,1,1,1,0,0,0,0,0,1,0,1,0,0,0,0,1,1,0,0,1,0,1,1,0,0,0,1,0,1,0,1,0,0,1,1,1,1,1,0,1,1,0,1,1,1,0,1,1,0,0,1,0,0,0,1,1,0
0,0,0,1,1,1,0,1,0,0,0,1,1,0,0,1,0,0,0,1,0,0,0,0,0,0,1,0,1,1,0,0,1,1,0,0,1,0,0,0,1,0,0,1,1,0,0,0,0,1,1,1,0,0,1,1,0,0,1,1,1,1,0,1,0,0,1,0,1,0,1,1,0,0,0,1,1,1,0,1,1,1,0,0,1,0,1,1,1,1,0,0,0,0,0,1,0,1,1,0
1,1,0,0,0,1,1,1,1,1,1,0,1,0,0,0,1,0,1,0,0,0,0,1,0,1,1,0,0,1,1,1,0,0,1,0,1,1,1,1,1,1,1,0,0,1,1,0,0,1,1,1,0,1,1,0,1,1,1,1,1,0,1,1,0,1,1,0,1,0,1,0,0,0,0,1,0,1,1,1,1,0,0,0,0,1,1,1,1,0,0,1,1,1,1,0,0,1,1,0
0,0,1,1,1,0,1,0,1,1,0,0,1,0,1,1,1,1,0,1,0,1,0,1,1,1,0,1,1,1,1,1,1,1,0,0,1,0,0,0,1,1,1,1,0,1,0,0,0,0,0,1,0,0,0,0,0,0,1,1,1,0,0,0,0,0,0,0,1,0,1,1,1,0,0,0,0,0,1,1,1,0,1,0,0,0,0,0,1,0,0,1,0,0,1,1,1,0,0,1
1,0,1,1,1,1,1,0,1,0,1,1,0,0,0,1,1,0,0,1,0,1,0,0,1,0,1,0,1,1,1,1,1,1,0,0,0,0,1,0,1,0,0,0,0,0,0,1,1,1,0,0,0,0,0,0,0,0,0,0,0,1,0,1,1,1,0,0,0,0,1,0,0,0,1,0,0,0,1,1,1,0,0,1,1,0,1,1,1,1,1,1,0,0,0,0,1,0,1,1
1,1,0,1,1,1,0,0,0,0,0,1,1,0,0,1,1,1,1,0,1,1,0,1,0,1,1,1,0,1,0,0,1,0,1,0,1,0,0,0,0,1,1,1,1,0,0,0,1,1,1,1,0,0,1,0,1,1,0,1,0,0,1,0,0,1,1,1,1,0,1,0,1,1,1,0,1,0,0,0,1,1,1,0,0,1,0,1,1,0,1,0,1,1,1,0,1,1,0,0
1,1,0,0,0,0,0,1,1,1,0,0,1,1,1,0,1,0,1,0,1,1,1,0,1,1,0,1,0,1,1,1,0,0,0,0,1,0,1,0,0,1,0,1,0,1,0,1,1,1,1,0,0,1,0,0,1,1,0,1,1,1,0,1,0,1,0,0,0,0,1,0,1,0,0,1,0,0,1,0,1,1,0,0,0,1,0,0,1,0,1,1,1,0,0,0,0,0,1,1
0,1,1,0,1,0,1,0,1,1,0,0,0,1,1,1,1,0,1,1,0,0,1,1,1,0,0,1,1,1,0,0,0,1,0,1,1,1,1,1,1,0,1,0,0,1,0,0,1,1,0,0,1,1,1,1,1,0,1,0,0,0,0,1,1,1,0,1,1,0,1,1,1,1,1,0,0,1,0,0,0,1,0,1,1,0,0,1,1,0,1,0,0,0,0,1,1,1,0,1
1,1,0,0,0,0,1,1,0,1,1,0,1,1,0,1,1,0,1,1,0,0,1,0,0,0,0,0,1,1,0,0,0,1,1,1,1,0,0,0,1,1,1,1,1,1,0,1,1,0,1,1,1,0,0,0,0,0,0,0,0,0,0,0,0,0,0,0,1,0,0,0,1,0,0,1,1,1,1,1,0,1,1,1,1,0,1,0,1,1,0,1,1,1,1,1,1,1,1,1
0,0,0,1,0,0,1,1,0,1,0,0,0,1,0,0,0,0,1,1,0,0,1,1,1,1,0,0,0,0,1,1,0,0,1,1,1,0,0,1,1,1,1,0,1,1,1,0,1,1,0,0,1,0,0,0,0,0,1,0,0,0,1,0,1,0,0,1,1,1,0,1,0,0,1,1,0,1,0,1,1,0,1,0,0,1,0,0,0,0,1,0,1,1,0,1,0,0,1,0
1,1,1,0,0,1,0,1,0,1,0,0,0,1,1,0,0,0,1,1,1,1,0,1,1,0,1,1,1,1,1,1,0,1,1,1,1,0,0,0,0,1,0,1,0,1,1,0,0,0,1,1,0,1,1,0,0,1,1,1,1,1,1,0,0,0,0,0,1,0,0,1,1,0,1,1,1,0,0,1,1,1,0,1,1,1,0,1,1,1,0,0,0,0,1,1,0,1,1,1
1,0,0,0,1,1,1,0,1,0,1,0,1,1,0,0,1,0,1,1,1,0,1,1,1,0,0,0,1,0,1,0,1,0,0,1,0,1,1,0,0,0,0,0,0,0,1,0,0,1,1,0,0,1,1,0,0,1,0,0,0,1,0,0,1,1,1,1,1,0,1,1,0,1,1,1,1,1,1,0,1,1,0,0,1,0,1,0,1,1,0,1,0,1,1,1,1,1,0,1
1,1,1,1,1,1,1,0,1,1,1,1,1,1,0,0,1,1,1,0,1,0,1,1,0,0,0,1,0,1,0,0,1,0,1,1,1,1,1,1,0,0,0,1,1,0,0,0,0,0,0,0,1,1,0,0,0,1,1,0,0,0,0,0,1,1,1,0,0,0,1,0,1,0,1,0,1,0,1,0,0,1,1,0,1,1,0,0,1,0,0,1,1,1,1,0,1,0,0,0
1,0,1,0,0,1,1,1,1,0,0,0,0,0,1,0,1,0,1,1,1,1,0,1,0,1,1,1,0,0,0,0,1,1,1,1,1,1,1,1,0,0,0,1,1,0,0,1,0,0,1,0,0,0,1,1,1,0,1,1,0,0,0,0,0,1,1,0,0,0,0,0,1,1,0,0,0,1,1,1,1,0,1,0,1,0,0,1,1,1,1,1,1,0,1,0,0,0,0,0
1,0,1,0,0,1,0,1,0,1,1,0,1,1,1,1,1,0,1,1,1,0,0,0,1,0,0,0,0,0,1,1,0,0,0,0,0,0,1,1,1,1,1,1,1,1,0,0,1,1,1,0,1,0,1,0,0,0,1,0,1,1,1,0,1,0,0,1,0,0,1,0,0,0,1,1,0,0,1,1,1,1,0,1,0,1,0,0,0,1,1,1,0,0,1,0,1,1,1,1
1,0,0,0,0,1,0,0,0,0,1,1,1,1,1,0,1,1,1,1,0,1,1,0,1,1,0,1,1,0,0,1,0,0,1,1,1,0,0,1,1,0,1,1,0,1,1,0,0,1,0,1,1,1,0,0,1,1,1,1,1,0,1,1,1,1,1,1,1,1,1,1,1,0,1,1,0,0,1,0,0,1,1,0,1,0,0,1,0,1,1,0,0,1,1,0,1,1,0,0
1,1,0,1,1,0,0,1,1,0,0,1,0,0,1,0,0,1,1,1,0,0,0,1,1,1,1,1,1,0,0,0,0,0,1,1,1,1,0,0,0,0,1,1,1,1,1,1,1,0,0,0,1,1,1,0,1,0,1,1,1,1,0,0,1,0,0,0,0,0,1,1,0,0,1,0,1,1,0,0,0,0,0,1,1,0,1,1,0,1,0,0,0,0,0,1,1,1,0,1
1,1,0,1,1,1,0,1,1,1,0,0,0,0,1,1,1,1,1,1,1,1,1,1,1,1,0,1,0,1,1,1,1,1,1,0,0,1,0,1,0,0,0,1,0,1,1,1,1,1,1,1,0,1,1,1,0,0,0,1,0,1,1,0,0,0,1,0,1,1,0,0,1,1,0,0,0,1,0,0,1,1,0,1,0,1,0,0,1,1,1,1,0,1,1,0,0,1,0,1
0,0,1,1,0,0,1,0,1,0,0,0,0,0,0,1,1,0,0,1,1,0,1,1,1,1,0,0,0,1,1,0,1,1,1,0,0,1,1,1,1,1,1,0,0,0,0,1,1,1,1,1,1,1,0,1,0,0,0,0,1,0,0,1,1,1,1,1,0,0,0,1,0,0,1,0,1,0,1,1,1,1,0,0,1,0,1,1,0,0,1,0,0,1,1,0,1,1,0,0
0,0,1,0,1,1,1,0,0,0,0,0,1,0,0,1,0,0,1,0,1,0,0,0,0,0,0,1,0,0,1,1,1,1,1,0,1,1,1,1,0,0,0,0,1,1,0,1,1,1,0,0,1,1,1,1,1,0,0,0,1,0,0,0,0,1,0,1,0,1,1,0,1,0,0,1,0,1,1,1,1,0,1,1,1,1,0,0,1,0,0,1,0,0,0,0,1,1,0,0
0,0,0,0,1,1,0,0,1,0,1,0,1,0,0,0,1,1,1,0,0,0,0,0,0,1,0,1,1,1,0,0,1,1,0,0,1,0,1,0,0,0,0,0,1,0,1,0,1,1,0,0,1,0,0,0,0,0,1,1,0,1,1,0,1,0,1,1,1,0,1,1,1,0,0,1,0,0,1,1,1,0,0,0,0,0,0,0,0,0,1,1,0,0,1,0,1,0,1,1
0,0,0,0,1,1,0,1,0,0,1,1,0,0,1,1,1,0,0,1,0,1,1,0,0,1,1,0,1,1,1,1,0,1,1,1,1,0,1,1,1,1,0,0,1,0,0,1,1,1,1,0,0,1,1,0,1,1,1,1,1,0,0,1,0,0,1,1,1,0,0,0,0,0,1,0,0,1,0,0,1,0,0,0,0,1,1,0,0,0,0,1,1,0,1,0,1,1,0,1
0,0,1,1,1,1,0,0,0,0,0,1,0,0,1,0,0,0,1,0,1,0,0,1,0,1,1,0,0,1,1,0,1,1,1,1,1,1,1,0,1,1,1,1,0,1,1,1,0,0,0,1,1,0,0,0,0,0,1,1,0,0,1,1,1,0,0,0,0,0,1,1,1,1,1,0,0,1,0,1,0,1,0,1,0,0,1,1,1,0,0,1,1,1,0,1,0,0,0,1
1,1,0,0,1,0,1,1,1,1,1,1,0,1,1,0,1,1,1,1,1,0,1,0,1,1,0,1,0,0,0,1,0,1,0,0,0,1,1,0,0,1,0,1,1,1,0,0,0,0,1,1,1,1,1,1,1,0,0,1,0,0,0,0,1,1,1,1,0,0,0,1,1,1,0,1,1,1,0,0,1,1,0,0,0,1,1,0,1,1,0,0,0,0,0,1,1,0,0,1
0,1,0,0,1,0,1,0,1,1,1,0,1,1,0,0,0,0,0,1,1,0,0,0,0,0,0,0,0,0,1,1,0,1,1,0,1,1,1,0,0,0,0,0,1,1,0,1,0,0,1,1,1,1,1,1,0,1,1,1,0,0,0,1,1,1,0,0,1,1,0,1,0,0,1,1,1,0,1,0,0,0,1,1,0,1,1,1,0,0,1,1,1,1,1,1,0,0,0,0
0,0,1,1,0,0,1,0,1,0,1,0,1,1,0,0,1,1,0,1,1,1,1,0,0,0,0,1,0,0,1,1,1,0,0,1,0,1,0,1,0,0,1,0,0,1,0,1,0,0,1,0,0,0,0,1,1,0,1,1,0,1,0,0,1,0,1,1,1,1,1,0,0,0,0,0,1,0,1,0,1,0,1,1,1,1,0,1,1,1,0,0,0,0,0,0,1,1,1,0
1,1,0,1,0,0,0,0,1,0,1,0,1,1,0,0,1,0,1,1,0,1,0,1,1,1,0,0,1,1,0,1,1,1,0,1,1,1,1,1,0,0,0,0,1,1,1,1,0,1,0,0,1,0,1,1,1,0,0,1,1,0,1,0,0,1,1,1,1,1,0,1,1,0,1,0,0,0,1,1,0,0,0,0,1,1,0,0,0,0,0,0,1,0,0,1,1,1,0,0
1,1,0,0,1,1,1,0,1,0,1,0,1,1,0,0,0,1,0,1,0,0,0,0,1,0,0,1,1,1,0,1,0,1,0,1,0,0,0,1,1,0,1,0,1,1,0,1,0,1,0,0,1,1,0,1,1,1,0,0,1,0,0,0,1,1,0,1,0,1,1,0,0,0,0,0,1,1,1,0,0,1,0,1,1,0,0,0,1,1,1,0,0,0,0,0,1,1,0,1
1,0,0,0,0,1,1,1,0,0,1,0,0,0,0,1,0,0,0,0,0,0,0,0,1,0,1,1,0,0,0,1,0,1,0,0,1,1,0,0,0,0,0,0,1,1,1,1,0,1,0,1,0,0,0,0,0,1,1,0,0,1,0,0,0,1,1,1,0,1,0,1,0,0,1,1,1,0,0,0,0,1,0,0,0,0,1,0,0,0,0,0,1,1,1,0,0,1,0,0
0,0,1,0,1,1,0,0,0,1,0,1,1,1,0,0,0,0,1,0,0,1,1,0,0,0,1,0,1,1,0,1,1,0,0,1,1,0,0,0,0,1,1,0,0,0,1,0,1,1,0,0,0,1,0,1,0,1,0,1,1,0,0,0,1,0,1,1,0,1,0,1,1,0,1,1,1,0,0,0,0,0,0,0,0,1,1,1,0,0,1,1,1,0,1,1,0,0,1,1
1,1,1,1,0,1,1,1,0,0,1,0,0,0,1,0,1,1,0,0,0,1,0,0,0,0,0,0,1,0,0,1,1,1,1,1,1,0,0,0,0,0,1,1,0,0,1,0,0,0,1,0,1,1,1,1,1,1,1,0,1,1,1,0,1,1,1,1,1,1,0,1,0,1,1,1,1,1,0,0,1,0,0,1,0,0,1,0,1,0,0,1,1,1,0,0,0,1,0,1
0,1,0,0,1,0,0,1,1,0,1,1,1,1,0,0,0,0,1,0,0,0,0,1,1,1,1,0,0,1,0,1,0,1,0,0,1,1,0,1,0,1,0,0,0,0,1,1,1,1,0,1,1,0,0,1,0,1,0,1,0,0,1,0,1,0,0,1,1,1,1,0,1,0,0,0,0,0,0,1,0,0,0,0,1,0,0,0,0,0,1,1,1,0,0,0,0,0,1,1
0,1,0,0,1,0,1,1,0,0,1,1,1,1,1,0,0,1,1,0,0,0,0,0,1,0,0,1,1,0,1,0,0,0,1,0,0,1,0,1,0,0,0,0,1,1,1,0,0,0,0,1,1,0,0,0,1,0,0,1,0,1,1,0,0,0,1,0,1,1,0,1,0,1,0,0,1,1,1,0,0,1,1,0,0,0,0,1,1,1,1,1,1,1,1,1,1,1,1,0
0,0,1,0,1,1,0,1,1,0,0,0,1,0,0,1,1,0,1,1,0,0,0,0,1,1,1,0,1,1,1,0,0,0,0,0,0,0,0,1,1,0,1,0,0,0,1,1,1,0,0,1,1,0,0,0,0,1,1,1,1,0,1,1,1,0,0,0,0,0,1,0,0,0,0,1,1,0,1,0,0,1,0,0,0,0,0,0,1,0,1,1,0,1,0,0,0,0,1,0
